Désignation,Marque,Nom du produit,Type de moteur,Poids net (kg),Débit exploitation (m³/h),Diamètre moteur,HMT (m),Fréquence (Hz),Tension (V),Intensité nominale (A),Puissance P2 (kW),Cos φ,Rendement pompe (%),Rendement pompe+moteur (%),Matériaux,Classe protection,Classe isolation,Temp max liquide (°C),Certification eau potable,Courbe H(Q) (points approximatifs),CAPEX Estimé (€),OPEX par kWh Estimé (€/kWh)
SP 1A-9,Grundfos,SP 1A-9,MS 402,10,0.3-1.5,"4""",10-60,50,1x230/3x400,1.9/1.1,0.37,0.85,50,42,AISI 304,IP68,F,40,Oui,"[(0, 60.0), (0.5249999999999999, 57.0), (1.0499999999999998, 51.0), (1.35, 36.0), (1.5, 24.0)]",37,0.357
SP 1A-14,Grundfos,SP 1A-14,MS 402,11,0.3-1.5,"4""",15-90,50,1x230/3x400,1.9/1.1,0.37,0.85,50,42,AISI 304,IP68,F,40,Oui,"[(0, 90.0), (0.5249999999999999, 85.5), (1.0499999999999998, 76.5), (1.35, 54.0), (1.5, 36.0)]",37,0.357
CR 1s-8,Grundfos,CR 1s-8,IEC 80,30,0.3-1.1,Surface,20-60,50,3x400,2.8,0.75,0.85,35,30,Fonte/AISI 304,IP55,F,120,Oui,"[(0, 60.0), (0.385, 57.0), (0.77, 51.0), (0.9900000000000001, 36.0), (1.1, 24.0)]",60,0.5
SP 1A-5,Grundfos,SP 1A-5,MS 402,12,0.2-1.2,"4""",8-35,50,1x230/3x400,1.7/1.0,0.37,0.7,48,40,AISI 304,IP68,F,40,Oui,"[(0, 35.0), (0.42, 33.25), (0.84, 29.75), (1.08, 21.0), (1.2, 14.0)]",37,0.375
SP 1A-7,Grundfos,SP 1A-7,MS 402,13,0.2-1.2,"4""",9-50,50,1x230/3x400,1.7/1.0,0.37,0.7,48,40,AISI 304,IP68,F,40,Oui,"[(0, 50.0), (0.42, 47.5), (0.84, 42.5), (1.08, 30.0), (1.2, 20.0)]",37,0.375
SP 1A-11,Grundfos,SP 1A-11,MS 402,15,0.3-1.5,"4""",12-75,50,1x230/3x400,2.5/1.4,0.55,0.7,50,42,AISI 304,IP68,F,40,Oui,"[(0, 75.0), (0.5249999999999999, 71.25), (1.0499999999999998, 63.75), (1.35, 45.0), (1.5, 30.0)]",55,0.357
SP 1A-16,Grundfos,SP 1A-16,MS 402,17,0.3-1.5,"4""",18-110,50,1x230/3x400,3.4/2.0,0.75,0.7,52,44,AISI 304,IP68,F,40,Oui,"[(0, 110.0), (0.5249999999999999, 104.5), (1.0499999999999998, 93.5), (1.35, 66.0), (1.5, 44.0)]",75,0.341
SP 1A-21,Grundfos,SP 1A-21,MS 402,20,0.3-1.5,"4""",23-145,50,1x230/3x400,5.0/2.9,1.1,0.71,54,46,AISI 304,IP68,F,40,Oui,"[(0, 145.0), (0.5249999999999999, 137.75), (1.0499999999999998, 123.25), (1.35, 87.0), (1.5, 58.0)]",110,0.326
SP 2A-8,Grundfos,SP 2A-8,MS 402,13,0.4-2.0,"4""",12-55,50,1x230/3x400,1.7/1.0,0.37,0.7,48,38,AISI 304,IP68,F,40,Oui,"[(0, 55.0), (0.7, 52.25), (1.4, 46.75), (1.8, 33.0), (2.0, 22.0)]",37,0.395
SP 2A-12,Grundfos,SP 2A-12,MS 402,15,0.5-2.5,"4""",18-80,50,1x230/3x400,2.5/1.4,0.55,0.7,50,40,AISI 304,IP68,F,40,Oui,"[(0, 80.0), (0.875, 76.0), (1.75, 68.0), (2.25, 48.0), (2.5, 32.0)]",55,0.375
SP 2A-18,Grundfos,SP 2A-18,MS 402,18,0.5-2.5,"4""",25-125,50,1x230/3x400,3.4/2.0,0.75,0.7,52,42,AISI 304,IP68,F,40,Oui,"[(0, 125.0), (0.875, 118.75), (1.75, 106.25), (2.25, 75.0), (2.5, 50.0)]",75,0.357
SP 2A-25,Grundfos,SP 2A-25,MS 402,21,0.5-2.5,"4""",35-175,50,1x230/3x400,5.0/2.9,1.1,0.71,54,44,AISI 304,IP68,F,40,Oui,"[(0, 175.0), (0.875, 166.25), (1.75, 148.75), (2.25, 105.0), (2.5, 70.0)]",110,0.341
SP 2A-33,Grundfos,SP 2A-33,MS 4000,25,0.5-2.5,"6""",45-230,50,3x400,2.7,1.5,0.71,56,46,AISI 304,IP68,F,40,Oui,"[(0, 230.0), (0.875, 218.5), (1.75, 195.5), (2.25, 138.0), (2.5, 92.0)]",150,0.326
SP 3A-8,Grundfos,SP 3A-8,MS 402,14,0.6-3.5,"4""",12-55,50,1x230/3x400,2.5/1.4,0.55,0.7,56,43,AISI 304,IP68,F,40,Oui,"[(0, 55.0), (1.2249999999999999, 52.25), (2.4499999999999997, 46.75), (3.15, 33.0), (3.5, 22.0)]",55,0.349
SP 3A-15,Grundfos,SP 3A-15,MS 402,17,0.8-4.0,"4""",20-105,50,1x230/3x400,3.4/2.0,0.75,0.7,58,45,AISI 304,IP68,F,40,Oui,"[(0, 105.0), (1.4, 99.75), (2.8, 89.25), (3.6, 63.0), (4.0, 42.0)]",75,0.333
SP 3A-20,Grundfos,SP 3A-20,MS 402,19,0.8-4.0,"4""",28-140,50,1x230/3x400,5.0/2.9,1.1,0.71,60,47,AISI 304,IP68,F,40,Oui,"[(0, 140.0), (1.4, 133.0), (2.8, 119.0), (3.6, 84.0), (4.0, 56.0)]",110,0.319
SP 3A-28,Grundfos,SP 3A-28,MS 4000,23,0.8-4.0,"4""",38-195,50,3x400,2.7,1.5,0.71,62,49,AISI 304,IP68,F,40,Oui,"[(0, 195.0), (1.4, 185.25), (2.8, 165.75), (3.6, 117.0), (4.0, 78.0)]",150,0.306
SP 3A-35,Grundfos,SP 3A-35,MS 4000,27,0.8-4.0,"4""",48-245,50,3x400,4.0,2.2,0.71,64,51,AISI 304,IP68,F,40,Oui,"[(0, 245.0), (1.4, 232.75), (2.8, 208.25), (3.6, 147.0), (4.0, 98.0)]",220,0.294
SP 5A-12,Grundfos,SP 5A-12,MS 402,16,1.2-5.5,"4""",18-84,50,1x230/3x400,3.4/2.0,0.75,0.7,58,43,AISI 304,IP68,F,40,Oui,"[(0, 84.0), (1.9249999999999998, 79.8), (3.8499999999999996, 71.39999999999999), (4.95, 50.4), (5.5, 33.6)]",75,0.349
SP 5A-25,Grundfos,SP 5A-25,MS 4000,22,1.5-6.0,"4""",35-175,50,3x400,2.7,1.5,0.71,60,45,AISI 304,IP68,F,40,Oui,"[(0, 175.0), (2.0999999999999996, 166.25), (4.199999999999999, 148.75), (5.4, 105.0), (6.0, 70.0)]",150,0.333
SP 5A-40,Grundfos,SP 5A-40,MS 4000,29,1.5-6.0,"4""",55-280,50,3x400,4.0,2.2,0.71,62,47,AISI 304,IP68,F,40,Oui,"[(0, 280.0), (2.0999999999999996, 266.0), (4.199999999999999, 238.0), (5.4, 168.0), (6.0, 112.0)]",220,0.319
SP 5A-50,Grundfos,SP 5A-50,MS 4000,35,1.5-6.0,"4""",70-350,50,3x400,5.4,3.0,0.71,64,49,AISI 304,IP68,F,40,Oui,"[(0, 350.0), (2.0999999999999996, 332.5), (4.199999999999999, 297.5), (5.4, 210.0), (6.0, 140.0)]",300,0.306
SP 5A-60,Grundfos,SP 5A-60,MS 4000,41,1.5-6.0,"4""",84-420,50,3x400,7.2,4.0,0.72,66,51,AISI 304,IP68,F,40,Oui,"[(0, 420.0), (2.0999999999999996, 399.0), (4.199999999999999, 357.0), (5.4, 252.0), (6.0, 168.0)]",400,0.294
SP 8A-8,Grundfos,SP 8A-8,MS 402,15,2.0-8.0,"4""",15-64,50,1x230/3x400,5.0/2.9,1.1,0.71,62,48,AISI 304,IP68,F,40,Oui,"[(0, 64.0), (2.8, 60.8), (5.6, 54.4), (7.2, 38.4), (8.0, 25.6)]",110,0.312
SP 8A-12,Grundfos,SP 8A-12,MS 4000,18,2.5-8.5,"6""",22-96,50,3x400,2.7,1.5,0.71,64,50,AISI 304,IP68,F,40,Oui,"[(0, 96.0), (2.9749999999999996, 91.19999999999999), (5.949999999999999, 81.6), (7.65, 57.599999999999994), (8.5, 38.400000000000006)]",150,0.3
SP 8A-18,Grundfos,SP 8A-18,MS 4000,22,2.5-8.5,"6""",33-144,50,3x400,4.0,2.2,0.71,66,52,AISI 304,IP68,F,40,Oui,"[(0, 144.0), (2.9749999999999996, 136.79999999999998), (5.949999999999999, 122.39999999999999), (7.65, 86.39999999999999), (8.5, 57.6)]",220,0.288
SP 8A-25,Grundfos,SP 8A-25,MS 4000,27,2.5-8.5,"6""",46-200,50,3x400,5.4,3.0,0.71,68,54,AISI 304,IP68,F,40,Oui,"[(0, 200.0), (2.9749999999999996, 190.0), (5.949999999999999, 170.0), (7.65, 120.0), (8.5, 80.0)]",300,0.278
SP 8A-35,Grundfos,SP 8A-35,MS 4000,34,2.5-8.5,"6""",64-280,50,3x400,7.2,4.0,0.72,70,56,AISI 304,IP68,F,40,Oui,"[(0, 280.0), (2.9749999999999996, 266.0), (5.949999999999999, 238.0), (7.65, 168.0), (8.5, 112.0)]",400,0.268
SP 14-5,Grundfos,SP 14-5,MS 4000,15,2.5-12,"6""",18-40,50,3x400,2.7,1.5,0.71,68,53,AISI 304,IP68,F,40,Oui,"[(0, 40.0), (4.199999999999999, 38.0), (8.399999999999999, 34.0), (10.8, 24.0), (12.0, 16.0)]",150,0.283
SP 14-12,Grundfos,SP 14-12,MS 4000,20,3-15,"6""",42-96,50,3x400,4.0,2.2,0.71,70,55,AISI 304,IP68,F,40,Oui,"[(0, 96.0), (5.25, 91.19999999999999), (10.5, 81.6), (13.5, 57.599999999999994), (15.0, 38.400000000000006)]",220,0.273
SP 14-20,Grundfos,SP 14-20,MS 4000,28,3-15,"6""",70-160,50,3x400,7.2,4.0,0.72,72,58,AISI 304,IP68,F,40,Oui,"[(0, 160.0), (5.25, 152.0), (10.5, 136.0), (13.5, 96.0), (15.0, 64.0)]",400,0.259
SP 14-25,Grundfos,SP 14-25,MS 4000,33,3-15,"6""",88-200,50,3x400,9.9,5.5,0.73,74,60,AISI 304,IP68,F,40,Oui,"[(0, 200.0), (5.25, 190.0), (10.5, 170.0), (13.5, 120.0), (15.0, 80.0)]",550,0.25
SP 14-30,Grundfos,SP 14-30,MS 4000,40,3-15,"6""",105-240,50,3x400,13.5,7.5,0.74,76,62,AISI 304,IP68,F,40,Oui,"[(0, 240.0), (5.25, 228.0), (10.5, 204.0), (13.5, 144.0), (15.0, 96.0)]",750,0.242
SP 17-8,Grundfos,SP 17-8,MS 4000,20,4-22,"6""",28-64,50,3x400,5.4,3.0,0.71,70,58,AISI 304,IP68,F,40,Oui,"[(0, 64.0), (7.699999999999999, 60.8), (15.399999999999999, 54.4), (19.8, 38.4), (22.0, 25.6)]",300,0.259
SP 17-12,Grundfos,SP 17-12,MS 4000,24,5-25,"6""",42-96,50,3x400,7.2,4.0,0.72,72,60,AISI 304,IP68,F,40,Oui,"[(0, 96.0), (8.75, 91.19999999999999), (17.5, 81.6), (22.5, 57.599999999999994), (25.0, 38.400000000000006)]",400,0.25
SP 17-20,Grundfos,SP 17-20,MS 4000,36,5-25,"6""",70-160,50,3x400,13.5,7.5,0.74,74,62,AISI 304,IP68,F,40,Oui,"[(0, 160.0), (8.75, 152.0), (17.5, 136.0), (22.5, 96.0), (25.0, 64.0)]",750,0.242
SP 17-25,Grundfos,SP 17-25,MS 6000,47,5-25,"6""",88-200,50,3x400,17.6,11.0,0.76,76,64,AISI 304,IP68,F,40,Oui,"[(0, 200.0), (8.75, 190.0), (17.5, 170.0), (22.5, 120.0), (25.0, 80.0)]",1100,0.234
SP 17-30,Grundfos,SP 17-30,MS 6000,59,5-25,"6""",105-240,50,3x400,24.0,15.0,0.77,78,66,AISI 304,IP68,F,40,Oui,"[(0, 240.0), (8.75, 228.0), (17.5, 204.0), (22.5, 144.0), (25.0, 96.0)]",1500,0.227
SP 30-5,Grundfos,SP 30-5,MS 4000,19,8-35,"6""",18-40,50,3x400,5.4,3.0,0.71,72,62,AISI 304,IP68,F,40,Oui,"[(0, 40.0), (12.25, 38.0), (24.5, 34.0), (31.5, 24.0), (35.0, 16.0)]",300,0.242
SP 30-10,Grundfos,SP 30-10,MS 4000,27,10-40,"6""",35-80,50,3x400,9.9,5.5,0.73,74,64,AISI 304,IP68,F,40,Oui,"[(0, 80.0), (14.0, 76.0), (28.0, 68.0), (36.0, 48.0), (40.0, 32.0)]",550,0.234
SP 30-15,Grundfos,SP 30-15,MS 4000,34,10-40,"6""",53-120,50,3x400,13.5,7.5,0.74,75,65,AISI 304,IP68,F,40,Oui,"[(0, 120.0), (14.0, 114.0), (28.0, 102.0), (36.0, 72.0), (40.0, 48.0)]",750,0.231
SP 30-22,Grundfos,SP 30-22,MS 6000,46,10-40,"6""",77-176,50,3x400,17.6,11.0,0.76,76,66,AISI 304,IP68,F,40,Oui,"[(0, 176.0), (14.0, 167.2), (28.0, 149.6), (36.0, 105.6), (40.0, 70.4)]",1100,0.227
SP 30-35,Grundfos,SP 30-35,MS 6000,70,10-40,"6""",123-280,50,3x400,29.6,18.5,0.79,77,67,AISI 304,IP68,F,40,Oui,"[(0, 280.0), (14.0, 266.0), (28.0, 238.0), (36.0, 168.0), (40.0, 112.0)]",1850,0.224
SP 46-6,Grundfos,SP 46-6,MS 4000,26,12-55,"6""",21-48,50,3x400,9.9,5.5,0.73,74,68,AISI 304,IP68,F,40,Oui,"[(0, 48.0), (19.25, 45.599999999999994), (38.5, 40.8), (49.5, 28.799999999999997), (55.0, 19.200000000000003)]",550,0.221
SP 46-10,Grundfos,SP 46-10,MS 4000,32,15-60,"6""",35-80,50,3x400,13.5,7.5,0.74,75,69,AISI 304,IP68,F,40,Oui,"[(0, 80.0), (21.0, 76.0), (42.0, 68.0), (54.0, 48.0), (60.0, 32.0)]",750,0.217
SP 46-15,Grundfos,SP 46-15,MS 6000,43,15-60,"6""",53-120,50,3x400,17.6,11.0,0.76,76,70,AISI 304,IP68,F,40,Oui,"[(0, 120.0), (21.0, 114.0), (42.0, 102.0), (54.0, 72.0), (60.0, 48.0)]",1100,0.214
SP 46-20,Grundfos,SP 46-20,MS 6000,55,15-60,"6""",70-160,50,3x400,24.0,15.0,0.77,77,71,AISI 304,IP68,F,40,Oui,"[(0, 160.0), (21.0, 152.0), (42.0, 136.0), (54.0, 96.0), (60.0, 64.0)]",1500,0.211
SP 46-25,Grundfos,SP 46-25,MS 6000,75,15-60,"6""",88-200,50,3x400,35.2,22.0,0.81,78,72,AISI 304,IP68,F,40,Oui,"[(0, 200.0), (21.0, 190.0), (42.0, 170.0), (54.0, 120.0), (60.0, 80.0)]",2200,0.208
SP 60-5,Grundfos,SP 60-5,MS 4000,30,18-75,"6""",18-40,50,3x400,13.5,7.5,0.74,75,70,AISI 304,IP68,F,40,Oui,"[(0, 40.0), (26.25, 38.0), (52.5, 34.0), (67.5, 24.0), (75.0, 16.0)]",750,0.214
SP 60-10,Grundfos,SP 60-10,MS 6000,41,20-80,"6""",35-80,50,3x400,17.6,11.0,0.76,76,71,AISI 304,IP68,F,40,Oui,"[(0, 80.0), (28.0, 76.0), (56.0, 68.0), (72.0, 48.0), (80.0, 32.0)]",1100,0.211
SP 60-15,Grundfos,SP 60-15,MS 6000,53,20-80,"6""",53-120,50,3x400,24.0,15.0,0.77,77,72,AISI 304,IP68,F,40,Oui,"[(0, 120.0), (28.0, 114.0), (56.0, 102.0), (72.0, 72.0), (80.0, 48.0)]",1500,0.208
SP 60-20,Grundfos,SP 60-20,MS 6000,73,20-80,"6""",70-160,50,3x400,35.2,22.0,0.81,78,73,AISI 304,IP68,F,40,Oui,"[(0, 160.0), (28.0, 152.0), (56.0, 136.0), (72.0, 96.0), (80.0, 64.0)]",2200,0.205
SP 60-25,Grundfos,SP 60-25,MS 6000,95,20-80,"6""",88-200,50,3x400,48.0,30.0,0.85,79,74,AISI 304,IP68,F,40,Oui,"[(0, 200.0), (28.0, 190.0), (56.0, 170.0), (72.0, 120.0), (80.0, 80.0)]",3000,0.203
SP 77-6,Grundfos,SP 77-6,MS 6000,50,25-110,"6""",21-54,50,3x400,24.0,15.0,0.77,76,73,AISI 304,IP68,F,40,Oui,"[(0, 54.0), (38.5, 51.3), (77.0, 45.9), (99.0, 32.4), (110.0, 21.6)]",1500,0.205
SP 77-8,Grundfos,SP 77-8,MS 6000,59,30-120,"6""",28-72,50,3x400,29.6,18.5,0.79,77,74,AISI 304,IP68,F,40,Oui,"[(0, 72.0), (42.0, 68.39999999999999), (84.0, 61.199999999999996), (108.0, 43.199999999999996), (120.0, 28.8)]",1850,0.203
SP 77-12,Grundfos,SP 77-12,MS 6000,90,30-120,"6""",42-108,50,3x400,48.0,30.0,0.85,78,75,AISI 304,IP68,F,40,Oui,"[(0, 108.0), (42.0, 102.6), (84.0, 91.8), (108.0, 64.8), (120.0, 43.2)]",3000,0.2
SP 77-18,Grundfos,SP 77-18,MMS 8000,130,30-120,"8""",63-162,50,3x400,63.0,45.0,0.92,79,76,AISI 304,IP68,F,60,Oui,"[(0, 162.0), (42.0, 153.9), (84.0, 137.7), (108.0, 97.2), (120.0, 64.8)]",4500,0.197
SP 77-25,Grundfos,SP 77-25,MMS 8000,158,30-120,"8""",88-225,50,3x400,77.0,55.0,0.97,80,77,AISI 304,IP68,F,60,Oui,"[(0, 225.0), (42.0, 213.75), (84.0, 191.25), (108.0, 135.0), (120.0, 90.0)]",6600,0.195
SP 95-4,Grundfos,SP 95-4,MS 6000,66,35-140,"6""",14-38,50,3x400,35.2,22.0,0.81,77,74,AISI 304,IP68,F,40,Oui,"[(0, 38.0), (49.0, 36.1), (98.0, 32.3), (126.0, 22.8), (140.0, 15.200000000000001)]",2200,0.203
SP 95-6,Grundfos,SP 95-6,MS 6000,87,40-160,"6""",21-57,50,3x400,48.0,30.0,0.85,78,75,AISI 304,IP68,F,40,Oui,"[(0, 57.0), (56.0, 54.15), (112.0, 48.449999999999996), (144.0, 34.199999999999996), (160.0, 22.8)]",3000,0.2
SP 95-8,Grundfos,SP 95-8,MMS 8000,106,40-160,"8""",28-76,50,3x400,51.8,37.0,0.89,79,76,AISI 304,IP68,F,60,Oui,"[(0, 76.0), (56.0, 72.2), (112.0, 64.6), (144.0, 45.6), (160.0, 30.400000000000002)]",3700,0.197
SP 95-12,Grundfos,SP 95-12,MMS 8000,153,40-160,"8""",42-114,50,3x400,77.0,55.0,0.97,80,77,AISI 304,IP68,F,60,Oui,"[(0, 114.0), (56.0, 108.3), (112.0, 96.89999999999999), (144.0, 68.39999999999999), (160.0, 45.6)]",6600,0.195
SP 95-16,Grundfos,SP 95-16,MMS 8000,205,40-160,"8""",56-152,50,3x400,105.0,75.0,1.07,81,78,AISI 304,IP68,F,60,Oui,"[(0, 152.0), (56.0, 144.4), (112.0, 129.2), (144.0, 91.2), (160.0, 60.800000000000004)]",9000,0.192
SP 125-1-A,Grundfos,SP 125-1-A,MS 4000,29,50-190,"6""",4-9,50,3x400,13.5,7.5,0.74,77,75,AISI 304,IP68,F,40,Oui,"[(0, 9.0), (66.5, 8.549999999999999), (133.0, 7.6499999999999995), (171.0, 5.3999999999999995), (190.0, 3.6)]",750,0.2
SP 125-3-A,Grundfos,SP 125-3-A,MS 6000,76,60-200,"6""",11-27,50,3x400,41.6,26.0,0.83,78,76,AISI 304,IP68,F,40,Oui,"[(0, 27.0), (70.0, 25.65), (140.0, 22.95), (180.0, 16.2), (200.0, 10.8)]",2600,0.197
SP 125-4-A,Grundfos,SP 125-4-A,MMS 8000,104,60-200,"8""",14-36,50,3x400,51.8,37.0,0.89,79,77,AISI 304,IP68,F,60,Oui,"[(0, 36.0), (70.0, 34.199999999999996), (140.0, 30.599999999999998), (180.0, 21.599999999999998), (200.0, 14.4)]",3700,0.195
SP 125-6-A,Grundfos,SP 125-6-A,MMS 8000,150,60-200,"8""",21-54,50,3x400,77.0,55.0,0.97,80,78,AISI 304,IP68,F,60,Oui,"[(0, 54.0), (70.0, 51.3), (140.0, 45.9), (180.0, 32.4), (200.0, 21.6)]",6600,0.192
SP 125-8-A,Grundfos,SP 125-8-A,MMS 8000,201,60-200,"8""",28-72,50,3x400,105.0,75.0,1.07,81,79,AISI 304,IP68,F,60,Oui,"[(0, 72.0), (70.0, 68.39999999999999), (140.0, 61.199999999999996), (180.0, 43.199999999999996), (200.0, 28.8)]",9000,0.19
SP 160-2,Grundfos,SP 160-2,MS 6000,65,70-250,"6""",6-18,50,3x400,35.2,22.0,0.81,78,76,AISI 304,IP68,F,40,Oui,"[(0, 18.0), (87.5, 17.099999999999998), (175.0, 15.299999999999999), (225.0, 10.799999999999999), (250.0, 7.2)]",2200,0.197
SP 160-3,Grundfos,SP 160-3,MMS 8000,103,80-280,"8""",9-27,50,3x400,51.8,37.0,0.89,79,77,AISI 304,IP68,F,60,Oui,"[(0, 27.0), (98.0, 25.65), (196.0, 22.95), (252.0, 16.2), (280.0, 10.8)]",3700,0.195
SP 160-4,Grundfos,SP 160-4,MMS 8000,124,80-280,"8""",12-36,50,3x400,63.0,45.0,0.92,80,78,AISI 304,IP68,F,60,Oui,"[(0, 36.0), (98.0, 34.199999999999996), (196.0, 30.599999999999998), (252.0, 21.599999999999998), (280.0, 14.4)]",4500,0.192
SP 160-6,Grundfos,SP 160-6,MMS 8000,200,80-280,"8""",18-54,50,3x400,105.0,75.0,1.07,81,79,AISI 304,IP68,F,60,Oui,"[(0, 54.0), (98.0, 51.3), (196.0, 45.9), (252.0, 32.4), (280.0, 21.6)]",9000,0.19
SP 160-8,Grundfos,SP 160-8,MMS 10000,238,80-280,"10""",24-72,50,3x400,126.0,90.0,1.15,82,80,AISI 304,IP68,F,60,Oui,"[(0, 72.0), (98.0, 68.39999999999999), (196.0, 61.199999999999996), (252.0, 43.199999999999996), (280.0, 28.8)]",10800,0.188
SP 215-2,Grundfos,SP 215-2,MMS 8000,123,90-350,"8""",6-18,50,3x400,63.0,45.0,0.92,81,79,AISI 304,IP68,F,60,Oui,"[(0, 18.0), (122.49999999999999, 17.099999999999998), (244.99999999999997, 15.299999999999999), (315.0, 10.799999999999999), (350.0, 7.2)]",4500,0.19
SP 215-3,Grundfos,SP 215-3,MMS 8000,198,100-400,"8""",9-27,50,3x400,105.0,75.0,1.07,82,80,AISI 304,IP68,F,60,Oui,"[(0, 27.0), (140.0, 25.65), (280.0, 22.95), (360.0, 16.2), (400.0, 10.8)]",9000,0.188
SP 215-4,Grundfos,SP 215-4,MMS 10000,236,100-400,"10""",12-36,50,3x400,126.0,90.0,1.15,83,81,AISI 304,IP68,F,60,Oui,"[(0, 36.0), (140.0, 34.199999999999996), (280.0, 30.599999999999998), (360.0, 21.599999999999998), (400.0, 14.4)]",10800,0.185
SP 215-6,Grundfos,SP 215-6,MMS 10000,342,100-400,"10""",18-54,50,3x400,184.8,132.0,1.36,84,82,AISI 304,IP68,F,60,Oui,"[(0, 54.0), (140.0, 51.3), (280.0, 45.9), (360.0, 32.4), (400.0, 21.6)]",15840,0.183
SP 215-8,Grundfos,SP 215-8,MMS 10000,413,100-400,"10""",24-72,50,3x400,224.0,160.0,1.5,85,83,AISI 304,IP68,F,60,Oui,"[(0, 72.0), (140.0, 68.39999999999999), (280.0, 61.199999999999996), (360.0, 43.199999999999996), (400.0, 28.8)]",19200,0.181
SP 10A-15,Grundfos,SP 10A-15,MS 4000,20,1.8-7.5,"6""",28-105,50,3x400,4.0,2.2,0.71,65,52,AISI 304,IP68,F,40,Oui,"[(0, 105.0), (2.625, 99.75), (5.25, 89.25), (6.75, 63.0), (7.5, 42.0)]",220,0.288
SP 10A-22,Grundfos,SP 10A-22,MS 4000,25,1.8-7.5,"6""",41-154,50,3x400,5.4,3.0,0.71,67,54,AISI 304,IP68,F,40,Oui,"[(0, 154.0), (2.625, 146.29999999999998), (5.25, 130.9), (6.75, 92.39999999999999), (7.5, 61.6)]",300,0.278
SP 12A-18,Grundfos,SP 12A-18,MS 4000,23,2.2-9.0,"6""",33-126,50,3x400,5.4,3.0,0.71,67,54,AISI 304,IP68,F,40,Oui,"[(0, 126.0), (3.15, 119.69999999999999), (6.3, 107.1), (8.1, 75.6), (9.0, 50.400000000000006)]",300,0.278
SP 12A-25,Grundfos,SP 12A-25,MS 4000,28,2.2-9.0,"6""",46-175,50,3x400,7.2,4.0,0.72,69,56,AISI 304,IP68,F,40,Oui,"[(0, 175.0), (3.15, 166.25), (6.3, 148.75), (8.1, 105.0), (9.0, 70.0)]",400,0.268
SP 20-12,Grundfos,SP 20-12,MS 4000,27,4-18,"6""",42-84,50,3x400,9.9,5.5,0.73,71,59,AISI 304,IP68,F,40,Oui,"[(0, 84.0), (6.3, 79.8), (12.6, 71.39999999999999), (16.2, 50.4), (18.0, 33.6)]",550,0.254
SP 20-18,Grundfos,SP 20-18,MS 4000,35,4-18,"6""",63-126,50,3x400,13.5,7.5,0.74,73,61,AISI 304,IP68,F,40,Oui,"[(0, 126.0), (6.3, 119.69999999999999), (12.6, 107.1), (16.2, 75.6), (18.0, 50.400000000000006)]",750,0.246
SP 25-10,Grundfos,SP 25-10,MS 4000,32,6-22,"6""",35-70,50,3x400,13.5,7.5,0.74,72,60,AISI 304,IP68,F,40,Oui,"[(0, 70.0), (7.699999999999999, 66.5), (15.399999999999999, 59.5), (19.8, 42.0), (22.0, 28.0)]",750,0.25
SP 25-15,Grundfos,SP 25-15,MS 6000,42,6-22,"6""",53-105,50,3x400,17.6,11.0,0.76,74,62,AISI 304,IP68,F,40,Oui,"[(0, 105.0), (7.699999999999999, 99.75), (15.399999999999999, 89.25), (19.8, 63.0), (22.0, 42.0)]",1100,0.242
SP 35-8,Grundfos,SP 35-8,MS 6000,40,8-32,"6""",28-56,50,3x400,17.6,11.0,0.76,73,61,AISI 304,IP68,F,40,Oui,"[(0, 56.0), (11.2, 53.199999999999996), (22.4, 47.6), (28.8, 33.6), (32.0, 22.400000000000002)]",1100,0.246
SP 35-12,Grundfos,SP 35-12,MS 6000,51,8-32,"6""",42-84,50,3x400,24.0,15.0,0.77,75,63,AISI 304,IP68,F,40,Oui,"[(0, 84.0), (11.2, 79.8), (22.4, 71.39999999999999), (28.8, 50.4), (32.0, 33.6)]",1500,0.238
SP 40-6,Grundfos,SP 40-6,MS 6000,39,10-38,"6""",21-42,50,3x400,17.6,11.0,0.76,74,62,AISI 304,IP68,F,40,Oui,"[(0, 42.0), (13.299999999999999, 39.9), (26.599999999999998, 35.699999999999996), (34.2, 25.2), (38.0, 16.8)]",1100,0.242
SP 40-10,Grundfos,SP 40-10,MS 6000,59,10-38,"6""",35-70,50,3x400,29.6,18.5,0.79,76,64,AISI 304,IP68,F,40,Oui,"[(0, 70.0), (13.299999999999999, 66.5), (26.599999999999998, 59.5), (34.2, 42.0), (38.0, 28.0)]",1850,0.234
SP 50-5,Grundfos,SP 50-5,MS 6000,49,12-45,"6""",18-35,50,3x400,24.0,15.0,0.77,75,63,AISI 304,IP68,F,40,Oui,"[(0, 35.0), (15.749999999999998, 33.25), (31.499999999999996, 29.75), (40.5, 21.0), (45.0, 14.0)]",1500,0.238
SP 50-8,Grundfos,SP 50-8,MS 6000,67,12-45,"6""",28-56,50,3x400,35.2,22.0,0.81,77,65,AISI 304,IP68,F,40,Oui,"[(0, 56.0), (15.749999999999998, 53.199999999999996), (31.499999999999996, 47.6), (40.5, 33.6), (45.0, 22.400000000000002)]",2200,0.231
SP 65-4,Grundfos,SP 65-4,MS 6000,57,15-60,"6""",14-28,50,3x400,29.6,18.5,0.79,76,64,AISI 304,IP68,F,40,Oui,"[(0, 28.0), (21.0, 26.599999999999998), (42.0, 23.8), (54.0, 16.8), (60.0, 11.200000000000001)]",1850,0.234
SP 65-6,Grundfos,SP 65-6,MS 6000,87,15-60,"6""",21-42,50,3x400,48.0,30.0,0.85,78,66,AISI 304,IP68,F,40,Oui,"[(0, 42.0), (21.0, 39.9), (42.0, 35.699999999999996), (54.0, 25.2), (60.0, 16.8)]",3000,0.227
SP 85-3,Grundfos,SP 85-3,MS 6000,66,20-75,"6""",11-21,50,3x400,35.2,22.0,0.81,77,65,AISI 304,IP68,F,40,Oui,"[(0, 21.0), (26.25, 19.95), (52.5, 17.849999999999998), (67.5, 12.6), (75.0, 8.4)]",2200,0.231
SP 85-5,Grundfos,SP 85-5,MMS 8000,104,20-75,"8""",18-35,50,3x400,51.8,37.0,0.89,79,67,AISI 304,IP68,F,60,Oui,"[(0, 35.0), (26.25, 33.25), (52.5, 29.75), (67.5, 21.0), (75.0, 14.0)]",3700,0.224
SP 100-2,Grundfos,SP 100-2,MS 6000,85,25-95,"6""",7-14,50,3x400,48.0,30.0,0.85,78,66,AISI 304,IP68,F,40,Oui,"[(0, 14.0), (33.25, 13.299999999999999), (66.5, 11.9), (85.5, 8.4), (95.0, 5.6000000000000005)]",3000,0.227
SP 100-4,Grundfos,SP 100-4,MMS 8000,148,25-95,"8""",14-28,50,3x400,77.0,55.0,0.97,80,68,AISI 304,IP68,F,60,Oui,"[(0, 28.0), (33.25, 26.599999999999998), (66.5, 23.8), (85.5, 16.8), (95.0, 11.200000000000001)]",6600,0.221
SP 110-2,Grundfos,SP 110-2,MMS 8000,103,30-105,"8""",7-14,50,3x400,51.8,37.0,0.89,79,67,AISI 304,IP68,F,60,Oui,"[(0, 14.0), (36.75, 13.299999999999999), (73.5, 11.9), (94.5, 8.4), (105.0, 5.6000000000000005)]",3700,0.224
SP 110-3,Grundfos,SP 110-3,MMS 8000,148,30-105,"8""",11-21,50,3x400,77.0,55.0,0.97,81,69,AISI 304,IP68,F,60,Oui,"[(0, 21.0), (36.75, 19.95), (73.5, 17.849999999999998), (94.5, 12.6), (105.0, 8.4)]",6600,0.217
SP 140-2,Grundfos,SP 140-2,MMS 8000,148,40-130,"8""",7-14,50,3x400,77.0,55.0,0.97,80,68,AISI 304,IP68,F,60,Oui,"[(0, 14.0), (45.5, 13.299999999999999), (91.0, 11.9), (117.0, 8.4), (130.0, 5.6000000000000005)]",6600,0.221
SP 175-1,Grundfos,SP 175-1,MMS 8000,147,50-165,"8""",4-7,50,3x400,77.0,55.0,0.97,81,69,AISI 304,IP68,F,60,Oui,"[(0, 7.0), (57.74999999999999, 6.6499999999999995), (115.49999999999999, 5.95), (148.5, 4.2), (165.0, 2.8000000000000003)]",6600,0.217
SP 200-1,Grundfos,SP 200-1,MMS 8000,197,60-185,"8""",4-7,50,3x400,105.0,75.0,1.07,82,70,AISI 304,IP68,F,60,Oui,"[(0, 7.0), (64.75, 6.6499999999999995), (129.5, 5.95), (166.5, 4.2), (185.0, 2.8000000000000003)]",9000,0.214
CR 1s-5,Grundfos,CR 1s-5,IEC 80,29,0.2-0.8,Surface,15-45,50,3x400,0.6,0.37,0.78,30,25,Fonte/AISI 304,IP55,F,120,Oui,"[(0, 45.0), (0.27999999999999997, 42.75), (0.5599999999999999, 38.25), (0.7200000000000001, 27.0), (0.8, 18.0)]",29,0.6
CR 1s-6,Grundfos,CR 1s-6,IEC 80,30,0.3-1.1,Surface,18-54,50,3x400,0.9,0.55,0.78,32,27,Fonte/AISI 304,IP55,F,120,Oui,"[(0, 54.0), (0.385, 51.3), (0.77, 45.9), (0.9900000000000001, 32.4), (1.1, 21.6)]",44,0.556
CR 1s-7,Grundfos,CR 1s-7,IEC 80,30,0.3-1.1,Surface,21-63,50,3x400,0.9,0.55,0.78,33,28,Fonte/AISI 304,IP55,F,120,Oui,"[(0, 63.0), (0.385, 59.849999999999994), (0.77, 53.55), (0.9900000000000001, 37.8), (1.1, 25.200000000000003)]",44,0.536
CR 1s-9,Grundfos,CR 1s-9,IEC 80,32,0.3-1.1,Surface,27-81,50,3x400,1.2,0.75,0.78,35,30,Fonte/AISI 304,IP55,F,120,Oui,"[(0, 81.0), (0.385, 76.95), (0.77, 68.85), (0.9900000000000001, 48.6), (1.1, 32.4)]",60,0.5
CR 1s-10,Grundfos,CR 1s-10,IEC 80,33,0.3-1.1,Surface,30-90,50,3x400,1.2,0.75,0.78,36,31,Fonte/AISI 304,IP55,F,120,Oui,"[(0, 90.0), (0.385, 85.5), (0.77, 76.5), (0.9900000000000001, 54.0), (1.1, 36.0)]",60,0.484
CR 1-8,Grundfos,CR 1-8,IEC 80,32,0.5-1.8,Surface,24-72,50,3x400,1.2,0.75,0.78,42,35,Fonte/AISI 304,IP55,F,120,Oui,"[(0, 72.0), (0.63, 68.39999999999999), (1.26, 61.199999999999996), (1.62, 43.199999999999996), (1.8, 28.8)]",60,0.429
CR 1-10,Grundfos,CR 1-10,IEC 80,34,0.7-2.4,Surface,30-90,50,3x400,1.8,1.1,0.78,45,38,Fonte/AISI 304,IP55,F,120,Oui,"[(0, 90.0), (0.84, 85.5), (1.68, 76.5), (2.16, 54.0), (2.4, 36.0)]",88,0.395
CR 1-12,Grundfos,CR 1-12,IEC 80,35,0.7-2.4,Surface,36-108,50,3x400,1.8,1.1,0.78,47,40,Fonte/AISI 304,IP55,F,120,Oui,"[(0, 108.0), (0.84, 102.6), (1.68, 91.8), (2.16, 64.8), (2.4, 43.2)]",88,0.375
CR 1-18,Grundfos,CR 1-18,IEC 80,40,0.7-2.4,Surface,54-162,50,3x400,2.4,1.5,0.79,48,40,Fonte/AISI 304,IP55,F,120,Oui,"[(0, 162.0), (0.84, 153.9), (1.68, 137.7), (2.16, 97.2), (2.4, 64.8)]",120,0.375
CR 1-22,Grundfos,CR 1-22,IEC 80,44,0.7-2.4,Surface,66-198,50,3x400,3.5,2.2,0.79,49,41,Fonte/AISI 304,IP55,F,120,Oui,"[(0, 198.0), (0.84, 188.1), (1.68, 168.29999999999998), (2.16, 118.8), (2.4, 79.2)]",176,0.366
CR 3-8,Grundfos,CR 3-8,IEC 80,33,1.0-3.5,Surface,24-72,50,3x400,1.8,1.1,0.78,52,44,Fonte/AISI 304,IP55,F,120,Oui,"[(0, 72.0), (1.2249999999999999, 68.39999999999999), (2.4499999999999997, 61.199999999999996), (3.15, 43.199999999999996), (3.5, 28.8)]",88,0.341
CR 3-12,Grundfos,CR 3-12,IEC 80,36,1.2-4.5,Surface,36-108,50,3x400,2.4,1.5,0.79,55,47,Fonte/AISI 304,IP55,F,120,Oui,"[(0, 108.0), (1.575, 102.6), (3.15, 91.8), (4.05, 64.8), (4.5, 43.2)]",120,0.319
CR 3-15,Grundfos,CR 3-15,IEC 80,40,1.2-4.5,Surface,45-135,50,3x400,3.5,2.2,0.79,57,49,Fonte/AISI 304,IP55,F,120,Oui,"[(0, 135.0), (1.575, 128.25), (3.15, 114.75), (4.05, 81.0), (4.5, 54.0)]",176,0.306
CR 3-20,Grundfos,CR 3-20,IEC 90,46,1.2-4.5,Surface,60-180,50,3x400,4.8,3.0,0.79,58,50,Fonte/AISI 304,IP55,F,120,Oui,"[(0, 180.0), (1.575, 171.0), (3.15, 153.0), (4.05, 108.0), (4.5, 72.0)]",240,0.3
CR 3-25,Grundfos,CR 3-25,IEC 90,52,1.2-4.5,Surface,75-225,50,3x400,6.4,4.0,0.79,59,51,Fonte/AISI 304,IP55,F,120,Oui,"[(0, 225.0), (1.575, 213.75), (3.15, 191.25), (4.05, 135.0), (4.5, 90.0)]",320,0.294
CR 5-8,Grundfos,CR 5-8,IEC 80,36,2.0-7.0,Surface,24-72,50,3x400,3.5,2.2,0.79,60,52,Fonte/AISI 304,IP55,F,120,Oui,"[(0, 72.0), (2.4499999999999997, 68.39999999999999), (4.8999999999999995, 61.199999999999996), (6.3, 43.199999999999996), (7.0, 28.8)]",176,0.288
CR 5-10,Grundfos,CR 5-10,IEC 90,40,2.5-8.5,Surface,30-90,50,3x400,4.8,3.0,0.79,63,55,Fonte/AISI 304,IP55,F,120,Oui,"[(0, 90.0), (2.9749999999999996, 85.5), (5.949999999999999, 76.5), (7.65, 54.0), (8.5, 36.0)]",240,0.273
CR 5-12,Grundfos,CR 5-12,IEC 90,41,2.5-8.5,Surface,36-108,50,3x400,4.8,3.0,0.79,65,57,Fonte/AISI 304,IP55,F,120,Oui,"[(0, 108.0), (2.9749999999999996, 102.6), (5.949999999999999, 91.8), (7.65, 64.8), (8.5, 43.2)]",240,0.263
CR 5-16,Grundfos,CR 5-16,IEC 90,46,2.5-8.5,Surface,48-144,50,3x400,6.4,4.0,0.79,66,58,Fonte/AISI 304,IP55,F,120,Oui,"[(0, 144.0), (2.9749999999999996, 136.79999999999998), (5.949999999999999, 122.39999999999999), (7.65, 86.39999999999999), (8.5, 57.6)]",320,0.259
CR 5-20,Grundfos,CR 5-20,IEC 90,53,2.5-8.5,Surface,60-180,50,3x400,8.8,5.5,0.8,67,59,Fonte/AISI 304,IP55,F,120,Oui,"[(0, 180.0), (2.9749999999999996, 171.0), (5.949999999999999, 153.0), (7.65, 108.0), (8.5, 72.0)]",440,0.254
CR 10-5,Grundfos,CR 10-5,IEC 90,37,4-11,Surface,15-45,50,3x400,4.8,3.0,0.79,65,60,Fonte/AISI 304,IP55,F,120,Oui,"[(0, 45.0), (3.8499999999999996, 42.75), (7.699999999999999, 38.25), (9.9, 27.0), (11.0, 18.0)]",240,0.25
CR 10-7,Grundfos,CR 10-7,IEC 90,41,5-13,Surface,21-63,50,3x400,6.4,4.0,0.79,68,63,Fonte/AISI 304,IP55,F,120,Oui,"[(0, 63.0), (4.55, 59.849999999999994), (9.1, 53.55), (11.700000000000001, 37.8), (13.0, 25.200000000000003)]",320,0.238
CR 10-12,Grundfos,CR 10-12,IEC 90,48,5-13,Surface,36-108,50,3x400,8.8,5.5,0.8,70,65,Fonte/AISI 304,IP55,F,120,Oui,"[(0, 108.0), (4.55, 102.6), (9.1, 91.8), (11.700000000000001, 64.8), (13.0, 43.2)]",440,0.231
CR 10-15,Grundfos,CR 10-15,IEC 112,56,5-13,Surface,45-135,50,3x400,12.0,7.5,0.81,71,66,Fonte/AISI 304,IP55,F,120,Oui,"[(0, 135.0), (4.55, 128.25), (9.1, 114.75), (11.700000000000001, 81.0), (13.0, 54.0)]",600,0.227
CR 10-18,Grundfos,CR 10-18,IEC 112,68,5-13,Surface,54-162,50,3x400,17.6,11.0,0.82,72,67,Fonte/AISI 304,IP55,F,120,Oui,"[(0, 162.0), (4.55, 153.9), (9.1, 137.7), (11.700000000000001, 97.2), (13.0, 64.8)]",880,0.224
CR 15-3,Grundfos,CR 15-3,IEC 90,38,8-20,Surface,9-27,50,3x400,6.4,4.0,0.79,66,62,Fonte/AISI 304,IP55,F,120,Oui,"[(0, 27.0), (7.0, 25.65), (14.0, 22.95), (18.0, 16.2), (20.0, 10.8)]",320,0.242
CR 15-4,Grundfos,CR 15-4,IEC 90,43,9-24,Surface,12-36,50,3x400,8.8,5.5,0.8,69,65,Fonte/AISI 304,IP55,F,120,Oui,"[(0, 36.0), (8.399999999999999, 34.199999999999996), (16.799999999999997, 30.599999999999998), (21.6, 21.599999999999998), (24.0, 14.4)]",440,0.231
CR 15-8,Grundfos,CR 15-8,IEC 112,52,9-24,Surface,24-72,50,3x400,12.0,7.5,0.81,71,67,Fonte/AISI 304,IP55,F,120,Oui,"[(0, 72.0), (8.399999999999999, 68.39999999999999), (16.799999999999997, 61.199999999999996), (21.6, 43.199999999999996), (24.0, 28.8)]",600,0.224
CR 15-10,Grundfos,CR 15-10,IEC 112,64,9-24,Surface,30-90,50,3x400,17.6,11.0,0.82,72,68,Fonte/AISI 304,IP55,F,120,Oui,"[(0, 90.0), (8.399999999999999, 85.5), (16.799999999999997, 76.5), (21.6, 54.0), (24.0, 36.0)]",880,0.221
CR 15-12,Grundfos,CR 15-12,IEC 132,77,9-24,Surface,36-108,50,3x400,24.0,15.0,0.83,73,69,Fonte/AISI 304,IP55,F,120,Oui,"[(0, 108.0), (8.399999999999999, 102.6), (16.799999999999997, 91.8), (21.6, 64.8), (24.0, 43.2)]",1200,0.217
CR 20-2,Grundfos,CR 20-2,IEC 90,35,10-25,Surface,6-18,50,3x400,4.8,3.0,0.79,68,64,Fonte/AISI 304,IP55,F,120,Oui,"[(0, 18.0), (8.75, 17.099999999999998), (17.5, 15.299999999999999), (22.5, 10.799999999999999), (25.0, 7.2)]",240,0.234
CR 20-4,Grundfos,CR 20-4,IEC 90,43,11-29,Surface,12-36,50,3x400,8.8,5.5,0.8,71,67,Fonte/AISI 304,IP55,F,120,Oui,"[(0, 36.0), (10.149999999999999, 34.199999999999996), (20.299999999999997, 30.599999999999998), (26.1, 21.599999999999998), (29.0, 14.4)]",440,0.224
CR 20-6,Grundfos,CR 20-6,IEC 112,51,11-29,Surface,18-54,50,3x400,12.0,7.5,0.81,72,68,Fonte/AISI 304,IP55,F,120,Oui,"[(0, 54.0), (10.149999999999999, 51.3), (20.299999999999997, 45.9), (26.1, 32.4), (29.0, 21.6)]",600,0.221
CR 20-8,Grundfos,CR 20-8,IEC 112,62,11-29,Surface,24-72,50,3x400,17.6,11.0,0.82,73,69,Fonte/AISI 304,IP55,F,120,Oui,"[(0, 72.0), (10.149999999999999, 68.39999999999999), (20.299999999999997, 61.199999999999996), (26.1, 43.199999999999996), (29.0, 28.8)]",880,0.217
CR 20-10,Grundfos,CR 20-10,IEC 132,76,11-29,Surface,30-90,50,3x400,24.0,15.0,0.83,74,70,Fonte/AISI 304,IP55,F,120,Oui,"[(0, 90.0), (10.149999999999999, 85.5), (20.299999999999997, 76.5), (26.1, 54.0), (29.0, 36.0)]",1200,0.214
CR 32-2,Grundfos,CR 32-2,IEC 112,48,12-35,Surface,6-18,50,3x400,12.0,7.5,0.81,72,68,Fonte/AISI 304,IP55,F,120,Oui,"[(0, 18.0), (12.25, 17.099999999999998), (24.5, 15.299999999999999), (31.5, 10.799999999999999), (35.0, 7.2)]",600,0.221
CR 32-3,Grundfos,CR 32-3,IEC 112,59,15-40,Surface,9-27,50,3x400,17.6,11.0,0.82,75,71,Fonte/AISI 304,IP55,F,120,Oui,"[(0, 27.0), (14.0, 25.65), (28.0, 22.95), (36.0, 16.2), (40.0, 10.8)]",880,0.211
CR 32-6,Grundfos,CR 32-6,IEC 132,73,15-40,Surface,18-54,50,3x400,24.0,15.0,0.83,77,73,Fonte/AISI 304,IP55,F,120,Oui,"[(0, 54.0), (14.0, 51.3), (28.0, 45.9), (36.0, 32.4), (40.0, 21.6)]",1200,0.205
CR 32-8,Grundfos,CR 32-8,IEC 132,95,15-40,Surface,24-72,50,3x400,35.2,22.0,0.85,78,75,Fonte/AISI 304,IP55,F,120,Oui,"[(0, 72.0), (14.0, 68.39999999999999), (28.0, 61.199999999999996), (36.0, 43.199999999999996), (40.0, 28.8)]",1760,0.2
CR 32-10,Grundfos,CR 32-10,IEC 160,121,15-40,Surface,30-90,50,3x400,48.0,30.0,0.88,79,76,Fonte/AISI 304,IP55,F,120,Oui,"[(0, 90.0), (14.0, 85.5), (28.0, 76.5), (36.0, 54.0), (40.0, 36.0)]",2400,0.197
CR 45-1-1,Grundfos,CR 45-1-1,IEC 112,58,20-50,Surface,3-9,50,3x400,17.6,11.0,0.82,74,70,Fonte/AISI 304,IP55,F,120,Oui,"[(0, 9.0), (17.5, 8.549999999999999), (35.0, 7.6499999999999995), (45.0, 5.3999999999999995), (50.0, 3.6)]",880,0.214
CR 45-3-2,Grundfos,CR 45-3-2,IEC 132,82,22-58,Surface,9-27,50,3x400,29.6,18.5,0.84,77,73,Fonte/AISI 304,IP55,F,120,Oui,"[(0, 27.0), (20.299999999999997, 25.65), (40.599999999999994, 22.95), (52.2, 16.2), (58.0, 10.8)]",1480,0.205
CR 45-4-2,Grundfos,CR 45-4-2,IEC 132,93,22-58,Surface,12-36,50,3x400,35.2,22.0,0.85,78,74,Fonte/AISI 304,IP55,F,120,Oui,"[(0, 36.0), (20.299999999999997, 34.199999999999996), (40.599999999999994, 30.599999999999998), (52.2, 21.599999999999998), (58.0, 14.4)]",1760,0.203
CR 45-6-2,Grundfos,CR 45-6-2,IEC 160,118,22-58,Surface,18-54,50,3x400,48.0,30.0,0.88,79,75,Fonte/AISI 304,IP55,F,120,Oui,"[(0, 54.0), (20.299999999999997, 51.3), (40.599999999999994, 45.9), (52.2, 32.4), (58.0, 21.6)]",2400,0.2
CR 45-8-2,Grundfos,CR 45-8-2,IEC 160,140,22-58,Surface,24-72,50,3x400,59.2,37.0,0.9,80,76,Fonte/AISI 304,IP55,F,120,Oui,"[(0, 72.0), (20.299999999999997, 68.39999999999999), (40.599999999999994, 61.199999999999996), (52.2, 43.199999999999996), (58.0, 28.8)]",3256,0.197
CR 64-2-1,Grundfos,CR 64-2-1,IEC 132,81,25-70,Surface,6-18,50,3x400,29.6,18.5,0.84,76,72,Fonte/AISI 304,IP55,F,120,Oui,"[(0, 18.0), (24.5, 17.099999999999998), (49.0, 15.299999999999999), (63.0, 10.799999999999999), (70.0, 7.2)]",1480,0.208
CR 64-3-1,Grundfos,CR 64-3-1,IEC 132,92,30-85,Surface,9-27,50,3x400,35.2,22.0,0.85,78,74,Fonte/AISI 304,IP55,F,120,Oui,"[(0, 27.0), (29.749999999999996, 25.65), (59.49999999999999, 22.95), (76.5, 16.2), (85.0, 10.8)]",1760,0.203
CR 64-4-1,Grundfos,CR 64-4-1,IEC 160,117,30-85,Surface,12-36,50,3x400,48.0,30.0,0.88,79,75,Fonte/AISI 304,IP55,F,120,Oui,"[(0, 36.0), (29.749999999999996, 34.199999999999996), (59.49999999999999, 30.599999999999998), (76.5, 21.599999999999998), (85.0, 14.4)]",2400,0.2
CR 64-6-1,Grundfos,CR 64-6-1,IEC 160,139,30-85,Surface,18-54,50,3x400,59.2,37.0,0.9,80,76,Fonte/AISI 304,IP55,F,120,Oui,"[(0, 54.0), (29.749999999999996, 51.3), (59.49999999999999, 45.9), (76.5, 32.4), (85.0, 21.6)]",3256,0.197
CR 64-8-1,Grundfos,CR 64-8-1,IEC 160,164,30-85,Surface,24-72,50,3x400,72.0,45.0,0.93,81,77,Fonte/AISI 304,IP55,F,120,Oui,"[(0, 72.0), (29.749999999999996, 68.39999999999999), (59.49999999999999, 61.199999999999996), (76.5, 43.199999999999996), (85.0, 28.8)]",3960,0.195
CR 90-2-1,Grundfos,CR 90-2-1,IEC 132,92,35-100,Surface,6-18,50,3x400,35.2,22.0,0.85,77,73,Fonte/AISI 304,IP55,F,120,Oui,"[(0, 18.0), (35.0, 17.099999999999998), (70.0, 15.299999999999999), (90.0, 10.799999999999999), (100.0, 7.2)]",1760,0.205
CR 90-3-1,Grundfos,CR 90-3-1,IEC 160,116,45-120,Surface,9-27,50,3x400,48.0,30.0,0.88,79,75,Fonte/AISI 304,IP55,F,120,Oui,"[(0, 27.0), (42.0, 25.65), (84.0, 22.95), (108.0, 16.2), (120.0, 10.8)]",2400,0.2
CR 90-4-1,Grundfos,CR 90-4-1,IEC 160,138,45-120,Surface,12-36,50,3x400,59.2,37.0,0.9,80,76,Fonte/AISI 304,IP55,F,120,Oui,"[(0, 36.0), (42.0, 34.199999999999996), (84.0, 30.599999999999998), (108.0, 21.599999999999998), (120.0, 14.4)]",3256,0.197
CR 90-6-1,Grundfos,CR 90-6-1,IEC 160,163,45-120,Surface,18-54,50,3x400,72.0,45.0,0.93,81,77,Fonte/AISI 304,IP55,F,120,Oui,"[(0, 54.0), (42.0, 51.3), (84.0, 45.9), (108.0, 32.4), (120.0, 21.6)]",3960,0.195
CR 90-8-1,Grundfos,CR 90-8-1,IEC 180,194,45-120,Surface,24-72,50,3x400,88.0,55.0,0.96,82,78,Fonte/AISI 304,IP55,F,120,Oui,"[(0, 72.0), (42.0, 68.39999999999999), (84.0, 61.199999999999996), (108.0, 43.199999999999996), (120.0, 28.8)]",4840,0.192
CR 120-2-1,Grundfos,CR 120-2-1,IEC 160,116,50-140,Surface,6-18,50,3x400,48.0,30.0,0.88,78,74,Fonte/AISI 304,IP55,F,120,Oui,"[(0, 18.0), (49.0, 17.099999999999998), (98.0, 15.299999999999999), (126.0, 10.799999999999999), (140.0, 7.2)]",2400,0.203
CR 120-3-1,Grundfos,CR 120-3-1,IEC 160,137,60-160,Surface,9-27,50,3x400,59.2,37.0,0.9,80,76,Fonte/AISI 304,IP55,F,120,Oui,"[(0, 27.0), (56.0, 25.65), (112.0, 22.95), (144.0, 16.2), (160.0, 10.8)]",3256,0.197
CR 120-4-1,Grundfos,CR 120-4-1,IEC 160,162,60-160,Surface,12-36,50,3x400,72.0,45.0,0.93,81,77,Fonte/AISI 304,IP55,F,120,Oui,"[(0, 36.0), (56.0, 34.199999999999996), (112.0, 30.599999999999998), (144.0, 21.599999999999998), (160.0, 14.4)]",3960,0.195
CR 120-6-1,Grundfos,CR 120-6-1,IEC 180,193,60-160,Surface,18-54,50,3x400,88.0,55.0,0.96,82,78,Fonte/AISI 304,IP55,F,120,Oui,"[(0, 54.0), (56.0, 51.3), (112.0, 45.9), (144.0, 32.4), (160.0, 21.6)]",4840,0.192
CR 120-8-1,Grundfos,CR 120-8-1,IEC 180,254,60-160,Surface,24-72,50,3x400,120.0,75.0,1.03,83,79,Fonte/AISI 304,IP55,F,120,Oui,"[(0, 72.0), (56.0, 68.39999999999999), (112.0, 61.199999999999996), (144.0, 43.199999999999996), (160.0, 28.8)]",6600,0.19
CR 150-2-1,Grundfos,CR 150-2-1,IEC 160,137,65-170,Surface,6-18,50,3x400,59.2,37.0,0.9,79,75,Fonte/AISI 304,IP55,F,120,Oui,"[(0, 18.0), (59.49999999999999, 17.099999999999998), (118.99999999999999, 15.299999999999999), (153.0, 10.799999999999999), (170.0, 7.2)]",3256,0.2
CR 150-3-1,Grundfos,CR 150-3-1,IEC 160,161,75-180,Surface,9-27,50,3x400,72.0,45.0,0.93,80,76,Fonte/AISI 304,IP55,F,120,Oui,"[(0, 27.0), (62.99999999999999, 25.65), (125.99999999999999, 22.95), (162.0, 16.2), (180.0, 10.8)]",3960,0.197
CR 150-4-1,Grundfos,CR 150-4-1,IEC 180,192,75-180,Surface,12-36,50,3x400,88.0,55.0,0.96,81,77,Fonte/AISI 304,IP55,F,120,Oui,"[(0, 36.0), (62.99999999999999, 34.199999999999996), (125.99999999999999, 30.599999999999998), (162.0, 21.599999999999998), (180.0, 14.4)]",4840,0.195
CR 150-6-1,Grundfos,CR 150-6-1,IEC 180,253,75-180,Surface,18-54,50,3x400,120.0,75.0,1.03,82,78,Fonte/AISI 304,IP55,F,120,Oui,"[(0, 54.0), (62.99999999999999, 51.3), (125.99999999999999, 45.9), (162.0, 32.4), (180.0, 21.6)]",6600,0.192
CR 150-8-1,Grundfos,CR 150-8-1,IEC 225,299,75-180,Surface,24-72,50,3x400,144.0,90.0,1.08,83,79,Fonte/AISI 304,IP55,F,120,Oui,"[(0, 72.0), (62.99999999999999, 68.39999999999999), (125.99999999999999, 61.199999999999996), (162.0, 43.199999999999996), (180.0, 28.8)]",7920,0.19
CR 2-10,Grundfos,CR 2-10,IEC 80,34,0.8-2.8,Surface,30-90,50,3x400,1.8,1.1,0.78,50,42,Fonte/AISI 304,IP55,F,120,Oui,"[(0, 90.0), (0.9799999999999999, 85.5), (1.9599999999999997, 76.5), (2.52, 54.0), (2.8, 36.0)]",88,0.357
CR 2-15,Grundfos,CR 2-15,IEC 80,38,0.8-2.8,Surface,45-135,50,3x400,2.4,1.5,0.79,52,44,Fonte/AISI 304,IP55,F,120,Oui,"[(0, 135.0), (0.9799999999999999, 128.25), (1.9599999999999997, 114.75), (2.52, 81.0), (2.8, 54.0)]",120,0.341
CR 4-8,Grundfos,CR 4-8,IEC 80,34,1.5-5.5,Surface,24-72,50,3x400,2.4,1.5,0.79,56,48,Fonte/AISI 304,IP55,F,120,Oui,"[(0, 72.0), (1.9249999999999998, 68.39999999999999), (3.8499999999999996, 61.199999999999996), (4.95, 43.199999999999996), (5.5, 28.8)]",120,0.312
CR 4-12,Grundfos,CR 4-12,IEC 80,38,1.5-5.5,Surface,36-108,50,3x400,3.5,2.2,0.79,58,50,Fonte/AISI 304,IP55,F,120,Oui,"[(0, 108.0), (1.9249999999999998, 102.6), (3.8499999999999996, 91.8), (4.95, 64.8), (5.5, 43.2)]",176,0.3
CR 6-6,Grundfos,CR 6-6,IEC 80,35,2.0-7.5,Surface,18-54,50,3x400,3.5,2.2,0.79,58,50,Fonte/AISI 304,IP55,F,120,Oui,"[(0, 54.0), (2.625, 51.3), (5.25, 45.9), (6.75, 32.4), (7.5, 21.6)]",176,0.3
CR 6-10,Grundfos,CR 6-10,IEC 90,40,2.0-7.5,Surface,30-90,50,3x400,4.8,3.0,0.79,60,52,Fonte/AISI 304,IP55,F,120,Oui,"[(0, 90.0), (2.625, 85.5), (5.25, 76.5), (6.75, 54.0), (7.5, 36.0)]",240,0.288
CR 8-5,Grundfos,CR 8-5,IEC 90,37,3.0-10,Surface,15-45,50,3x400,4.8,3.0,0.79,62,54,Fonte/AISI 304,IP55,F,120,Oui,"[(0, 45.0), (3.5, 42.75), (7.0, 38.25), (9.0, 27.0), (10.0, 18.0)]",240,0.278
CR 8-8,Grundfos,CR 8-8,IEC 90,41,3.0-10,Surface,24-72,50,3x400,6.4,4.0,0.79,64,56,Fonte/AISI 304,IP55,F,120,Oui,"[(0, 72.0), (3.5, 68.39999999999999), (7.0, 61.199999999999996), (9.0, 43.199999999999996), (10.0, 28.8)]",320,0.268
CR 12-4,Grundfos,CR 12-4,IEC 90,39,4.5-15,Surface,12-36,50,3x400,6.4,4.0,0.79,64,56,Fonte/AISI 304,IP55,F,120,Oui,"[(0, 36.0), (5.25, 34.199999999999996), (10.5, 30.599999999999998), (13.5, 21.599999999999998), (15.0, 14.4)]",320,0.268
CR 12-6,Grundfos,CR 12-6,IEC 90,45,4.5-15,Surface,18-54,50,3x400,8.8,5.5,0.8,66,58,Fonte/AISI 304,IP55,F,120,Oui,"[(0, 54.0), (5.25, 51.3), (10.5, 45.9), (13.5, 32.4), (15.0, 21.6)]",440,0.259
CR 18-3,Grundfos,CR 18-3,IEC 90,43,7-22,Surface,9-27,50,3x400,8.8,5.5,0.8,67,59,Fonte/AISI 304,IP55,F,120,Oui,"[(0, 27.0), (7.699999999999999, 25.65), (15.399999999999999, 22.95), (19.8, 16.2), (22.0, 10.8)]",440,0.254
CR 18-5,Grundfos,CR 18-5,IEC 112,50,7-22,Surface,15-45,50,3x400,12.0,7.5,0.81,69,61,Fonte/AISI 304,IP55,F,120,Oui,"[(0, 45.0), (7.699999999999999, 42.75), (15.399999999999999, 38.25), (19.8, 27.0), (22.0, 18.0)]",600,0.246
CR 25-2,Grundfos,CR 25-2,IEC 112,48,10-30,Surface,6-18,50,3x400,12.0,7.5,0.81,70,62,Fonte/AISI 304,IP55,F,120,Oui,"[(0, 18.0), (10.5, 17.099999999999998), (21.0, 15.299999999999999), (27.0, 10.799999999999999), (30.0, 7.2)]",600,0.242
CR 25-4,Grundfos,CR 25-4,IEC 112,60,10-30,Surface,12-36,50,3x400,17.6,11.0,0.82,72,64,Fonte/AISI 304,IP55,F,120,Oui,"[(0, 36.0), (10.5, 34.199999999999996), (21.0, 30.599999999999998), (27.0, 21.599999999999998), (30.0, 14.4)]",880,0.234
CR 35-2,Grundfos,CR 35-2,IEC 112,59,14-40,Surface,6-18,50,3x400,17.6,11.0,0.82,73,65,Fonte/AISI 304,IP55,F,120,Oui,"[(0, 18.0), (14.0, 17.099999999999998), (28.0, 15.299999999999999), (36.0, 10.799999999999999), (40.0, 7.2)]",880,0.231
CR 35-3,Grundfos,CR 35-3,IEC 132,71,14-40,Surface,9-27,50,3x400,24.0,15.0,0.83,75,67,Fonte/AISI 304,IP55,F,120,Oui,"[(0, 27.0), (14.0, 25.65), (28.0, 22.95), (36.0, 16.2), (40.0, 10.8)]",1200,0.224
CR 40-2,Grundfos,CR 40-2,IEC 132,71,16-45,Surface,6-18,50,3x400,24.0,15.0,0.83,74,66,Fonte/AISI 304,IP55,F,120,Oui,"[(0, 18.0), (15.749999999999998, 17.099999999999998), (31.499999999999996, 15.299999999999999), (40.5, 10.799999999999999), (45.0, 7.2)]",1200,0.227
CR 40-3,Grundfos,CR 40-3,IEC 132,82,16-45,Surface,9-27,50,3x400,29.6,18.5,0.84,76,68,Fonte/AISI 304,IP55,F,120,Oui,"[(0, 27.0), (15.749999999999998, 25.65), (31.499999999999996, 22.95), (40.5, 16.2), (45.0, 10.8)]",1480,0.221
CR 50-2,Grundfos,CR 50-2,IEC 132,81,20-55,Surface,6-18,50,3x400,29.6,18.5,0.84,75,67,Fonte/AISI 304,IP55,F,120,Oui,"[(0, 18.0), (19.25, 17.099999999999998), (38.5, 15.299999999999999), (49.5, 10.799999999999999), (55.0, 7.2)]",1480,0.224
CR 50-3,Grundfos,CR 50-3,IEC 132,92,20-55,Surface,9-27,50,3x400,35.2,22.0,0.85,77,69,Fonte/AISI 304,IP55,F,120,Oui,"[(0, 27.0), (19.25, 25.65), (38.5, 22.95), (49.5, 16.2), (55.0, 10.8)]",1760,0.217
CR 55-2,Grundfos,CR 55-2,IEC 132,92,22-60,Surface,6-18,50,3x400,35.2,22.0,0.85,76,68,Fonte/AISI 304,IP55,F,120,Oui,"[(0, 18.0), (21.0, 17.099999999999998), (42.0, 15.299999999999999), (54.0, 10.799999999999999), (60.0, 7.2)]",1760,0.221
CR 55-3,Grundfos,CR 55-3,IEC 160,116,22-60,Surface,9-27,50,3x400,48.0,30.0,0.88,78,70,Fonte/AISI 304,IP55,F,120,Oui,"[(0, 27.0), (21.0, 25.65), (42.0, 22.95), (54.0, 16.2), (60.0, 10.8)]",2400,0.214
CR 70-2,Grundfos,CR 70-2,IEC 160,116,28-75,Surface,6-18,50,3x400,48.0,30.0,0.88,77,69,Fonte/AISI 304,IP55,F,120,Oui,"[(0, 18.0), (26.25, 17.099999999999998), (52.5, 15.299999999999999), (67.5, 10.799999999999999), (75.0, 7.2)]",2400,0.217
CR 70-3,Grundfos,CR 70-3,IEC 160,137,28-75,Surface,9-27,50,3x400,59.2,37.0,0.9,79,71,Fonte/AISI 304,IP55,F,120,Oui,"[(0, 27.0), (26.25, 25.65), (52.5, 22.95), (67.5, 16.2), (75.0, 10.8)]",3256,0.211
CR 80-2,Grundfos,CR 80-2,IEC 160,137,32-85,Surface,6-18,50,3x400,59.2,37.0,0.9,78,70,Fonte/AISI 304,IP55,F,120,Oui,"[(0, 18.0), (29.749999999999996, 17.099999999999998), (59.49999999999999, 15.299999999999999), (76.5, 10.799999999999999), (85.0, 7.2)]",3256,0.214
CR 80-3,Grundfos,CR 80-3,IEC 160,161,32-85,Surface,9-27,50,3x400,72.0,45.0,0.93,80,72,Fonte/AISI 304,IP55,F,120,Oui,"[(0, 27.0), (29.749999999999996, 25.65), (59.49999999999999, 22.95), (76.5, 16.2), (85.0, 10.8)]",3960,0.208
CR 100-2,Grundfos,CR 100-2,IEC 160,161,40-105,Surface,6-18,50,3x400,72.0,45.0,0.93,79,71,Fonte/AISI 304,IP55,F,120,Oui,"[(0, 18.0), (36.75, 17.099999999999998), (73.5, 15.299999999999999), (94.5, 10.799999999999999), (105.0, 7.2)]",3960,0.211
CR 100-3,Grundfos,CR 100-3,IEC 180,191,40-105,Surface,9-27,50,3x400,88.0,55.0,0.96,81,73,Fonte/AISI 304,IP55,F,120,Oui,"[(0, 27.0), (36.75, 25.65), (73.5, 22.95), (94.5, 16.2), (105.0, 10.8)]",4840,0.205
CR 110-2,Grundfos,CR 110-2,IEC 180,191,44-115,Surface,6-18,50,3x400,88.0,55.0,0.96,80,72,Fonte/AISI 304,IP55,F,120,Oui,"[(0, 18.0), (40.25, 17.099999999999998), (80.5, 15.299999999999999), (103.5, 10.799999999999999), (115.0, 7.2)]",4840,0.208
CR 110-3,Grundfos,CR 110-3,IEC 180,251,44-115,Surface,9-27,50,3x400,120.0,75.0,1.03,82,74,Fonte/AISI 304,IP55,F,120,Oui,"[(0, 27.0), (40.25, 25.65), (80.5, 22.95), (103.5, 16.2), (115.0, 10.8)]",6600,0.203
CR 130-2,Grundfos,CR 130-2,IEC 180,251,52-135,Surface,6-18,50,3x400,120.0,75.0,1.03,81,73,Fonte/AISI 304,IP55,F,120,Oui,"[(0, 18.0), (47.25, 17.099999999999998), (94.5, 15.299999999999999), (121.5, 10.799999999999999), (135.0, 7.2)]",6600,0.205
CR 130-3,Grundfos,CR 130-3,IEC 225,296,52-135,Surface,9-27,50,3x400,144.0,90.0,1.08,83,75,Fonte/AISI 304,IP55,F,120,Oui,"[(0, 27.0), (47.25, 25.65), (94.5, 22.95), (121.5, 16.2), (135.0, 10.8)]",7920,0.2
CR 140-2,Grundfos,CR 140-2,IEC 225,296,56-145,Surface,6-18,50,3x400,144.0,90.0,1.08,82,74,Fonte/AISI 304,IP55,F,120,Oui,"[(0, 18.0), (50.75, 17.099999999999998), (101.5, 15.299999999999999), (130.5, 10.799999999999999), (145.0, 7.2)]",7920,0.203
CR 140-3,Grundfos,CR 140-3,IEC 225,356,56-145,Surface,9-27,50,3x400,176.0,110.0,1.15,84,76,Fonte/AISI 304,IP55,F,120,Oui,"[(0, 27.0), (50.75, 25.65), (101.5, 22.95), (130.5, 16.2), (145.0, 10.8)]",9680,0.197
CR 160-2,Grundfos,CR 160-2,IEC 225,356,64-165,Surface,6-18,50,3x400,176.0,110.0,1.15,83,75,Fonte/AISI 304,IP55,F,120,Oui,"[(0, 18.0), (57.74999999999999, 17.099999999999998), (115.49999999999999, 15.299999999999999), (148.5, 10.799999999999999), (165.0, 7.2)]",9680,0.2
